market,Net_sales
India,210.6716444
USA,132.0492919
"South Korea",64.0100191
Canada,45.8908893
"United Kingdom",44.7306719
Philiphines,41.8797127
France,37.8197414
China,29.8736515
Australia,27.5975320
Indonesia,24.2409453
